Marvin Gaye,Trouble Man,There Goes Mister T,03 Apr 2021 20:21
Marvin Gaye,Trouble Man,Don't Mess With Mister T,03 Apr 2021 20:18
Marvin Gaye,Trouble Man,Deep In It,03 Apr 2021 20:16
Marvin Gaye,Trouble Man,Life Is A Gamble,03 Apr 2021 20:14
Marvin Gaye,Trouble Man,Main Theme From Trouble Man - 1,03 Apr 2021 20:10
Marvin Gaye,Trouble Man,T Stands For Trouble,03 Apr 2021 20:05
Marvin Gaye,Trouble Man,Theme From Trouble Man,03 Apr 2021 20:03
Marvin Gaye,Trouble Man,Trouble Man,03 Apr 2021 19:59
Marvin Gaye,Trouble Man,Cleo's Apartment,03 Apr 2021 19:57
Marvin Gaye,Trouble Man,The Break In (Police Shoot Big),03 Apr 2021 19:55
Marvin Gaye,Trouble Man,Poor Abbey Walsh,03 Apr 2021 19:51
Marvin Gaye,Trouble Man,T Plays It Cool,03 Apr 2021 19:47
Marvin Gaye,Trouble Man,Main Theme From Trouble Man - 2,03 Apr 2021 19:44
